No.	Player	Pos	Ht	Wt	Birth Date	Birth Country	Exp	College
12	John Battle	SG	6-2	175	November 9, 1962	US	1	Rutgers University
33	Antoine Carr	PF	6-9	225	July 23, 1961	US	2	Wichita State
44	Scott Hastings	PF	6-10	235	June 3, 1960	US	4	Arkansas
24	Cedric Henderson	PF	6-8	210	October 3, 1965	US	0	Georgia
32	Jon Koncak	C	7-0	250	May 17, 1963	US	1	SMU
53	Cliff Levingston	PF	6-8	210	January 4, 1961	US	4	Wichita State
40	Mike McGee	SF	6-5	190	July 29, 1959	US	5	Michigan
25	Doc Rivers	PG	6-4	185	October 13, 1961	US	3	Marquette
30	Tree Rollins	C	7-1	235	June 16, 1955	US	9	Clemson
4	Spud Webb	PG	5-6	133	July 13, 1963	US	1	Midland College, NC State
21	Dominique Wilkins	SF	6-8	215	January 12, 1960	FR	4	Georgia
1	Gus Williams	SG	6-2	175	October 10, 1953	US	10	USC
42	Kevin Willis	PF	7-0	220	September 6, 1962	US	2	Michigan State
15	Michael Wilson	PG	6-4	175	September 15, 1959	US	2	Marquette
10	Randy Wittman	SG	6-6	210	October 28, 1959	US	3	Indiana
