No.	Player	Pos	Ht	Wt	Birth Date	Birth Country	Exp	College
10	John Battle	SG	6-2	175	November 9, 1962	US	4	Rutgers University
35	Antoine Carr	PF	6-9	225	July 23, 1961	US	5	Wichita State
33	Duane Ferrell	SF	6-7	209	February 28, 1965	US	1	Georgia Tech
32	Jon Koncak	C	7-0	250	May 17, 1963	US	4	SMU
53	Cliff Levingston	PF	6-8	210	January 4, 1961	US	7	Wichita State
34	John Long	SG	6-5	195	August 28, 1956	US	11	Detroit Mercy
2	Moses Malone	C	6-10	215	March 23, 1955	US	15	
22	Roy Marble	SG	6-6	190	December 13, 1966	US	0	Iowa
1	Wes Matthews	PG	6-1	170	August 24, 1959	US	8	Wisconsin
25	Doc Rivers	PG	6-4	185	October 13, 1961	US	6	Marquette
31	Kenny Smith	PG	6-3	170	March 8, 1965	US	2	UNC
11	Sedric Toney	PG	6-2	178	April 13, 1962	US	3	Dayton
8	Alexander Volkov	C	6-10	218	March 28, 1964	RU	0	
4	Spud Webb	PG	5-6	133	July 13, 1963	US	4	Midland College, NC State
21	Dominique Wilkins	SF	6-8	215	January 12, 1960	FR	7	Georgia
35	Mike Williams	SF	6-8	255	August 14, 1963	US	0	Cincinnati, Bradley
42	Kevin Willis	PF	7-0	220	September 6, 1962	US	4	Michigan State
14	Haywoode Workman	PG	6-2	180	January 23, 1966	US	0	Winston-Salem State University, Oral Roberts
