Rk		Age	G	MP	Player Efficiency Rating	True Shooting Percentage	3-Point Attempt Rate	Free Throw Attempt Rate	Offensive Rebound Percentage	Defensive Rebound Percentage	Total Rebound Percentage	Assist Percentage	Steal Percentage	Block Percentage	Turnover Percentage	Usage Percentage	Offensive Win Shares	Defensive Win Shares	Win Shares	Win Shares Per 48 Minutes	Offensive Box Plus/Minus	Defensive Box Plus/Minus	Box Plus/Minus	Value over Replacement Player
1	Dominique Wilkins	29	5	212	19.3	.512	.147	.328	5.8	10.6	8.1	17.3	1.0	2.6	8.3	31.4	0.3	0.1	0.4	.084	2.3	-1.4	0.9	0.1
2	Moses Malone	33	5	197	24.1	.607	.016	.797	17.0	22.2	19.5	8.4	2.0	1.4	11.3	22.7	0.7	0.2	0.9	.208	4.7	0.3	5.0	0.3
3	Jon Koncak	25	5	192	15.8	.735	.000	1.138	10.3	22.0	16.0	3.4	0.6	2.9	15.5	12.3	0.5	0.1	0.7	.166	1.5	0.8	2.2	0.2
4	Doc Rivers	27	5	191	12.9	.496	.333	.421	2.6	13.9	8.0	30.0	2.0	0.7	15.1	19.1	0.1	0.1	0.2	.061	1.2	0.0	1.2	0.1
5	Reggie Theus	31	5	127	6.0	.427	.053	.316	2.9	4.2	3.5	31.6	0.4	0.0	18.8	19.3	-0.1	0.0	-0.1	-0.048	-3.5	-4.2	-7.7	-0.2
6	John Battle	26	5	118	12.4	.478	.130	.261	5.2	9.0	7.0	25.2	0.9	0.0	8.9	21.9	0.1	0.0	0.1	.049	0.8	-2.4	-1.6	0.0
7	Antoine Carr	27	5	81	15.0	.658	.000	.524	7.6	4.9	6.3	15.8	0.0	3.4	13.4	16.9	0.2	0.0	0.2	.122	2.3	-1.0	1.3	0.1
8	Cliff Levingston	28	5	77	6.9	.519	.091	.909	9.6	18.9	14.1	3.9	0.0	2.7	16.3	11.0	0.1	0.0	0.1	.063	-3.0	0.0	-2.9	0.0
9	Spud Webb	25	5	55	13.2	.337	.000	.182	0.0	9.6	4.7	41.7	4.0	0.0	0.0	9.9	0.1	0.0	0.1	.106	-1.7	-1.2	-2.9	0.0
