No.	Player	Pos	Ht	Wt	Birth Date	Birth Country	Exp	College
10	John Battle	SG	6-2	175	November 9, 1962	US	3	Rutgers University
22	Dudley Bradley	SG	6-6	195	March 19, 1957	US	8	UNC
35	Antoine Carr	PF	6-9	225	July 23, 1961	US	4	Wichita State
33	Duane Ferrell	SF	6-7	209	February 28, 1965	US	0	Georgia Tech
32	Jon Koncak	C	7-0	250	May 17, 1963	US	3	SMU
53	Cliff Levingston	PF	6-8	210	January 4, 1961	US	6	Wichita State
2	Moses Malone	C	6-10	215	March 23, 1955	US	14	
5	Pace Mannion	SF	6-7	190	September 22, 1960	US	5	Utah
25	Doc Rivers	PG	6-4	185	October 13, 1961	US	5	Marquette
24	Reggie Theus	SG	6-7	190	October 13, 1957	US	10	UNLV
44	Ray Tolbert	PF	6-9	225	September 10, 1958	US	4	Indiana
4	Spud Webb	PG	5-6	133	July 13, 1963	US	3	Midland College, NC State
21	Dominique Wilkins	SF	6-8	215	January 12, 1960	FR	6	Georgia
