No.	Player	Pos	Ht	Wt	Birth Date	Birth Country	Exp	College
45	Derrick Alston	C	6-11	225	August 20, 1972	US	2	Duquesne
17	Jon Barry	SG	6-4	195	July 25, 1969	US	4	University of the Pacific, Georgia Tech
10	Mookie Blaylock	PG	6-0	180	March 20, 1967	US	7	Midland College, Oklahoma
24	Donnie Boyce	SG	6-5	196	September 2, 1973	US	1	Colorado
34	Willie Burton	SF	6-8	210	May 26, 1968	US	5	Minnesota
33	Tyrone Corbin	SF	6-6	210	December 31, 1962	US	11	DePaul
35	Darrin Hancock	SF	6-7	205	November 3, 1971	US	2	Kansas
44	Alan Henderson	PF	6-9	235	December 2, 1972	US	1	Indiana
42	Henry James	PF	6-8	220	July 29, 1965	US	5	South Plains College, St. Mary's University
32	Christian Laettner	PF	6-11	235	August 17, 1969	US	4	Duke
15	Priest Lauderdale	C	7-4	325	August 31, 1973	US	0	Central State University
2	Anthony Miller	PF	6-9	225	October 22, 1971	US	2	Michigan State
55	Dikembe Mutombo	C	7-2	245	June 25, 1966	CD	5	Georgetown
28	Ivano Newbill	PF	6-9	245	December 12, 1970	US	1	Georgia Tech
3	Ken Norman	SF	6-8	215	September 5, 1964	US	9	Illinois
5	Eldridge Recasner	SG	6-3	190	December 14, 1967	US	2	Washington
8	Steve Smith	SG	6-7	200	March 31, 1969	US	5	Michigan State
