No.	Player	Pos	Ht	Wt	Birth Date	Birth Country	Exp	College
10	Mookie Blaylock	PG	6-0	180	March 20, 1967	US	9	Midland College, Oklahoma
33	Tyrone Corbin	SF	6-6	210	December 31, 1962	US	13	DePaul
4	Chris Crawford	PF	6-9	235	May 13, 1975	US	1	Marquette
20	LaPhonso Ellis	PF	6-8	240	May 5, 1970	US	6	Notre Dame
22	Ed Gray	SG	6-3	210	September 27, 1975	US	1	Tennessee, Cal
44	Alan Henderson	SF	6-9	235	December 2, 1972	US	3	Indiana
24	Anthony Johnson	PG	6-3	190	October 2, 1974	US	1	College of Charleston
43	Grant Long	PF	6-8	225	March 12, 1966	US	10	Eastern Michigan University
7	Roshown McLeod	SF	6-8	221	November 17, 1975	US	0	St. John's, Duke
55	Dikembe Mutombo	C	7-2	245	June 25, 1966	CD	7	Georgetown
15	Jeff Sheppard	SG	6-3	190	September 29, 1974	US	0	Kentucky
8	Steve Smith	SG	6-7	200	March 31, 1969	US	7	Michigan State
41	Mark West	C	6-10	230	November 5, 1960	US	15	Old Dominion
3	Shammond Williams	PG	6-1	201	April 5, 1975	US	0	UNC
