No.	Player	Pos	Ht	Wt	Birth Date	Birth Country	Exp	College
2	Stacey Augmon	SF	6-8	205	August 1, 1968	US	4	UNLV
10	Mookie Blaylock	PG	6-0	180	March 20, 1967	US	6	Midland College, Oklahoma
24	Donnie Boyce	SG	6-5	196	September 2, 1973	US	0	Colorado
50	Matt Bullard	PF	6-10	215	June 5, 1967	US	4	Colorado, Iowa
3	Craig Ehlo	SG	6-6	180	August 11, 1961	US	12	Washington State
35	Ron Grandison	PF	6-6	215	July 9, 1964	US	3	University of California, Irvine, University of New Orleans
44	Alan Henderson	PF	6-9	235	December 2, 1972	US	0	Indiana
22	Reggie Jordan	PG	6-4	195	January 26, 1968	US	1	New Mexico State
7	Tim Kempton	PF	6-10	245	January 25, 1964	US	5	Notre Dame
32	Christian Laettner	C	6-11	235	August 17, 1969	US	3	Duke
28	Andrew Lang	C	6-11	245	June 28, 1966	US	7	Arkansas
43	Grant Long	PF	6-8	225	March 12, 1966	US	7	Eastern Michigan University
51	Todd Mundt	C	7-0	250	May 17, 1970	US	0	Memphis, Delta State University
14	Howard Nathan	PG	5-11	175	January 21, 1972	US	0	DePaul, University of Louisiana at Monroe
5	Ken Norman	SF	6-8	215	September 5, 1964	US	8	Illinois
45	Sean Rooks	C	6-10	250	September 9, 1969	US	3	Arizona
8	Steve Smith	SG	6-7	200	March 31, 1969	US	4	Michigan State
4	Spud Webb	PG	5-6	133	July 13, 1963	US	10	Midland College, NC State
