No.	Player	Pos	Ht	Wt	Birth Date	Birth Country	Exp	College
41	Tom Barker	C	6-11	225	March 11, 1955	US	0	University of Hawaii
50	John Brown	SF	6-7	220	December 14, 1951	DE	3	Missouri
44	Ken Charles	SG	6-3	180	July 10, 1951	TT	3	Fordham
13	Ron Davis	SF	6-6	198	May 1, 1954	US	0	Washington State
34	Randy Denton	C	6-10	240	February 18, 1949	US	5	Duke
13	Henry Dickerson	PG	6-4	190	November 27, 1951	US	1	University of Charleston
22	John Drew	SF	6-6	205	September 30, 1954	US	2	Gardner-Webb University
10	Steve Hawes	PF	6-9	220	May 26, 1950	US	2	Washington
14	Tom Henderson	PG	6-3	190	January 26, 1952	US	2	University of Hawaii
24	Armond Hill	PG	6-4	190	March 31, 1953	US	0	Princeton University
23	Lou Hudson	SG	6-5	210	July 11, 1944	US	10	Minnesota
25	Joe Meriweather	C	6-10	215	October 26, 1953	US	1	Southern Illinois
33	Truck Robinson	PF	6-7	225	October 4, 1951	US	2	Tennessee State
40	Mike Sojourner	PF	6-9	225	October 16, 1953	US	2	Utah
12	Claude Terry	SG	6-4	195	January 12, 1950	US	4	Stanford
32	Bill Willoughby	SF	6-8	205	May 20, 1957	US	1	
