No.	Player	Pos	Ht	Wt	Birth Date	Birth Country	Exp	College
2	Stacey Augmon	SG	6-8	205	August 1, 1968	US	2	UNLV
5	John Bagley	PG	6-0	185	April 23, 1960	US	10	Boston College
10	Mookie Blaylock	PG	6-0	180	March 20, 1967	US	4	Midland College, Oklahoma
34	Doug Edwards	PF	6-7	220	January 21, 1971	US	0	Florida State
3	Craig Ehlo	SG	6-6	180	August 11, 1961	US	10	Washington State
33	Duane Ferrell	SF	6-7	209	February 28, 1965	US	5	Georgia Tech
15	Ricky Grace	PG	6-1	180	August 20, 1967	US	0	Midland College, Oklahoma
25	Paul Graham	SG	6-6	200	November 28, 1967	US	2	Ohio University
31	Adam Keefe	PF	6-9	230	February 22, 1970	US	1	Stanford
32	Jon Koncak	C	7-0	250	May 17, 1963	US	8	SMU
28	Andrew Lang	C	6-11	245	June 28, 1966	US	5	Arkansas
5	Danny Manning	PF	6-10	230	May 17, 1966	US	5	Kansas
1	Ennis Whatley	PG	6-3	177	August 11, 1962	US	7	Alabama
21	Dominique Wilkins	SF	6-8	215	January 12, 1960	FR	11	Georgia
42	Kevin Willis	PF	7-0	220	September 6, 1962	US	8	Michigan State
