No.	Player	Pos	Ht	Wt	Birth Date	Birth Country	Exp	College
11	Ron Behagen	PF	6-9	185	January 14, 1951	US	4	Minnesota
50	John Brown	SF	6-7	220	December 14, 1951	DE	4	Missouri
44	Ken Charles	SG	6-3	180	July 10, 1951	TT	4	Fordham
14	Charlie Criss	PG	5-8	165	November 6, 1948	US	0	New Mexico State
22	John Drew	SF	6-6	205	September 30, 1954	US	3	Gardner-Webb University
10	Steve Hawes	PF	6-9	220	May 26, 1950	US	3	Washington
24	Armond Hill	PG	6-4	190	March 31, 1953	US	1	Princeton University
3	Eddie Johnson	SG	6-2	180	February 24, 1955	US	0	Auburn
27	Ollie Johnson	SF	6-6	200	May 11, 1949	US	5	Temple
54	Tom McMillen	C	6-11	215	May 26, 1952	US	2	Maryland
4	Tony Robertson	SG	6-4	195	January 1, 1956	US	0	West Virginia
30	Tree Rollins	C	7-1	235	June 16, 1955	US	0	Clemson
12	Claude Terry	SG	6-4	195	January 12, 1950	US	5	Stanford
