No.	Player	Pos	Ht	Wt	Birth Date	Birth Country	Exp	College
14	Charlie Criss	PG	5-8	165	November 6, 1948	US	1	New Mexico State
22	John Drew	SF	6-6	205	September 30, 1954	US	4	Gardner-Webb University
25	Terry Furlow	SG	6-4	190	October 18, 1954	US	2	Michigan State
21	Jack Givens	SF	6-5	205	September 21, 1956	US	0	Kentucky
10	Steve Hawes	PF	6-9	220	May 26, 1950	US	4	Washington
33	Keith Herron	SG	6-6	195	June 14, 1956	US	0	Villanova
24	Armond Hill	PG	6-4	190	March 31, 1953	US	2	Princeton University
3	Eddie Johnson	SG	6-2	180	February 24, 1955	US	1	Auburn
15	Butch Lee	PG	6-0	185	December 5, 1956	PR	0	Marquette
54	Tom McMillen	C	6-11	215	May 26, 1952	US	3	Maryland
30	Tree Rollins	C	7-1	235	June 16, 1955	US	1	Clemson
32	Dan Roundfield	PF	6-8	205	May 26, 1953	US	3	Central Michigan University
42	Rick Wilson	SG	6-5	200	February 7, 1956	US	0	Louisville
