No.	Player	Pos	Ht	Wt	Birth Date	Birth Country	Exp	College
0	Greg Anderson	C	6-10	230	June 22, 1964	US	9	Houston
11	Drew Barry	PG	6-5	191	February 17, 1973	US	0	Georgia Tech
10	Mookie Blaylock	PG	6-0	180	March 20, 1967	US	8	Midland College, Oklahoma
52	Chucky Brown	SF	6-7	214	February 29, 1968	US	8	NC State
33	Tyrone Corbin	SF	6-6	210	December 31, 1962	US	12	DePaul
4	Chris Crawford	PF	6-9	235	May 13, 1975	US	0	Marquette
22	Ed Gray	SG	6-3	210	September 27, 1975	US	0	Tennessee, Cal
44	Alan Henderson	PF	6-9	235	December 2, 1972	US	2	Indiana
32	Christian Laettner	PF	6-11	235	August 17, 1969	US	5	Duke
7	Randy Livingston	PG	6-4	209	April 2, 1975	US	1	LSU
2	Anthony Miller	PF	6-9	225	October 22, 1971	US	3	Michigan State
55	Dikembe Mutombo	C	7-2	245	June 25, 1966	CD	6	Georgetown
31	Brian Oliver	SG	6-4	210	June 1, 1968	US	3	Georgia Tech
5	Eldridge Recasner	SG	6-3	190	December 14, 1967	US	3	Washington
8	Steve Smith	SG	6-7	200	March 31, 1969	US	6	Michigan State
20	Donald Whiteside	PG	5-10	160	April 25, 1969	US	1	Northern Illinois
