No.	Player	Pos	Ht	Wt	Birth Date	Birth Country	Exp	College
31	Rickey Brown	C	6-10	215	August 20, 1958	US	4	Mississippi State
33	Antoine Carr	PF	6-9	225	July 23, 1961	US	0	Wichita State
14	Charlie Criss	PG	5-8	165	November 6, 1948	US	7	New Mexico State
5	Jerry Eaves	PG	6-4	180	February 8, 1959	US	2	Louisville
34	Mike Glenn	SG	6-2	175	September 10, 1955	US	7	Southern Illinois
20	Stewart Granger	PG	6-3	190	October 27, 1961	CA	1	Villanova
44	Scott Hastings	PF	6-10	235	June 3, 1960	US	2	Arkansas
3	Eddie Johnson	SG	6-2	180	February 24, 1955	US	7	Auburn
53	Cliff Levingston	PF	6-8	210	January 4, 1961	US	2	Wichita State
43	Sidney Lowe	PG	6-0	195	January 21, 1960	US	1	NC State
7	Leo Rautins	SF	6-8	215	March 20, 1960	CA	1	Minnesota, Syracuse
25	Doc Rivers	PG	6-4	185	October 13, 1961	US	1	Marquette
30	Tree Rollins	C	7-1	235	June 16, 1955	US	7	Clemson
2	Walker Russell	PG	6-5	195	October 26, 1960	US	2	Houston, Western Michigan University
21	Dominique Wilkins	SF	6-8	215	January 12, 1960	FR	2	Georgia
35	Sly Williams	SF	6-7	210	January 26, 1958	US	5	Rhode Island
42	Kevin Willis	PF	7-0	220	September 6, 1962	US	0	Michigan State
10	Randy Wittman	SG	6-6	210	October 28, 1959	US	1	Indiana
