No.	Player	Pos	Ht	Wt	Birth Date	Birth Country	Exp	College
3	Cal Bowdler	SF	6-10	245	March 31, 1977	US	1	Old Dominion
30	Ira Bowman	PG	6-5	195	June 11, 1973	US	1	Providence, University of Pennsylvania
2	Sean Colson	PG	6-0	175	July 1, 1975	US	0	Rhode Island, UNC Charlotte
4	Chris Crawford	PF	6-9	235	May 13, 1975	US	3	Marquette
5	Dion Glover	SG	6-5	228	October 22, 1978	US	1	Georgia Tech
44	Alan Henderson	PF	6-9	235	December 2, 1972	US	5	Indiana
22	Jim Jackson	SF	6-6	220	October 14, 1970	US	8	Ohio State
10	Anthony Johnson	PG	6-3	190	October 2, 1974	US	3	College of Charleston
1	DerMarr Johnson	SF	6-9	201	May 5, 1980	US	0	Cincinnati
22	Brevin Knight	PG	5-10	173	November 8, 1975	US	3	Stanford
7	Toni Kukoč	SF	6-10	192	September 18, 1968	HR	7	
12	Matt Maloney	PG	6-3	192	December 6, 1971	US	4	Vanderbilt, University of Pennsylvania
7	Roshown McLeod	SF	6-8	221	November 17, 1975	US	2	St. John's, Duke
34	Anthony Miller	PF	6-9	225	October 22, 1971	US	6	Michigan State
14	Nazr Mohammed	C	6-10	221	September 5, 1977	US	2	Kentucky
13	Hanno Möttölä	SF	6-11	247	September 9, 1976	FI	0	Utah
55	Dikembe Mutombo	C	7-2	245	June 25, 1966	CD	9	Georgetown
24	Andy Panko	SF	6-9	222	November 27, 1977	US	0	Lebanon Valley College
20	Larry Robinson	PG	6-3	180	January 11, 1968	US	5	Centenary College of Louisiana
24	Pepe Sánchez	PG	6-4	195	May 8, 1977	AR	0	Temple
14	Tony Smith	SG	6-3	185	June 14, 1968	US	8	Marquette
31	Jason Terry	SG	6-2	185	September 15, 1977	US	1	Arizona
42	Lorenzen Wright	C	6-11	225	November 4, 1975	US	4	Memphis
